id,data,path,class,width,height,xmin,ymin,xmax,ymax,meta
1,TEST,images/100_a_o_unknown.png,GOLD,640,360,302,150,315,162,
2,TRAIN,images/101_a_fr_water.png,REDSTONE,640,360,294,64,335,102,
3,TRAIN,images/101_a_fr_water.png,IRON,640,360,45,189,121,241,
4,TRAIN,images/101_a_fr_water.png,IRON,640,360,380,268,414,296,
5,TRAIN,images/101_a_fr_water.png,IRON,640,360,417,289,450,316,
6,VAL,images/102_a_rlf_water.png,REDSTONE,640,360,217,102,272,156,
7,VAL,images/102_a_rlf_water.png,LAPIS,640,360,388,64,414,104,
8,VAL,images/102_a_rlf_water.png,IRON,640,360,444,212,464,231,
9,VAL,images/102_a_rlf_water.png,REDSTONE,640,360,479,229,502,242,
10,TEST,images/103_a_fod_water.png,DIAMOND,640,360,446,166,506,210,
11,TEST,images/103_a_fod_water.png,GOLD,640,360,368,206,385,232,
12,TEST,images/103_a_fod_water.png,IRON,640,360,334,125,359,139,
13,TRAIN,images/104_a_fuld_water.png,LAPIS,640,360,165,153,193,181,
14,TRAIN,images/104_a_fuld_water.png,IRON,640,360,441,200,459,220,
15,TRAIN,images/104_a_fuld_water.png,IRON,640,360,236,245,250,258,
16,TRAIN,images/104_a_fuld_water.png,IRON,640,360,283,212,291,222,
17,TRAIN,images/104_a_fuld_water.png,COPPER,640,360,257,165,291,177,
18,TRAIN,images/104_a_fuld_water.png,DIAMOND,640,360,365,228,375,242,
19,TRAIN,images/104_a_fuld_water.png,IRON,640,360,342,183,351,196,
20,TEST,images/105_a_cuf_water.png,COAL,640,360,213,209,254,237,
21,TEST,images/105_a_cuf_water.png,IRON,640,360,417,212,460,242,
22,TEST,images/105_a_cuf_water.png,COPPER,640,360,498,206,534,229,
23,TEST,images/105_a_cuf_water.png,COAL,640,360,308,237,334,262,
24,TRAIN,images/107_a_fc_mineshaft.png,IRON,640,360,350,67,386,88,
25,TRAIN,images/107_a_fc_mineshaft.png,COAL,640,360,98,65,131,94,
26,TRAIN,images/107_a_fc_mineshaft.png,COAL,640,360,168,109,190,130,
27,TRAIN,images/107_a_fc_mineshaft.png,IRON,640,360,515,190,529,202,
28,TRAIN,images/10_a_for_lushcave.png,REDSTONE,640,360,233,145,291,192,
29,TRAIN,images/10_a_for_lushcave.png,REDSTONE,640,360,244,202,296,271,
30,TRAIN,images/10_a_for_lushcave.png,GOLD,640,360,376,132,460,202,
31,TRAIN,images/10_a_for_lushcave.png,IRON,640,360,500,60,532,91,
32,TRAIN,images/110_a_cu_unknown.png,COAL,640,360,314,156,326,184,
33,TRAIN,images/110_a_cu_unknown.png,COPPER,640,360,333,177,358,227,
34,TRAIN,images/110_a_cu_unknown.png,COPPER,640,360,352,156,376,179,
35,TRAIN,images/111_a_c_unknown.png,COAL,640,360,306,232,343,271,
36,TRAIN,images/111_a_c_unknown.png,COAL,640,360,573,289,639,334,
37,TRAIN,images/112_a_cu_mountain.png,COPPER,640,360,252,191,282,227,
38,TRAIN,images/112_a_cu_mountain.png,COAL,640,360,365,87,376,105,
39,TRAIN,images/112_a_cu_mountain.png,COAL,640,360,339,184,350,203,
40,TEST,images/113_a_c_unknown.png,COAL,640,360,359,84,417,130,
41,VAL,images/116_a_lr_water.png,LAPIS,640,360,474,50,514,89,
42,VAL,images/116_a_lr_water.png,REDSTONE,640,360,319,282,345,330,
43,VAL,images/116_a_lr_water.png,LAPIS,640,360,253,46,266,69,
44,TEST,images/117_a_ful_dripstone.png,IRON,640,360,257,220,272,237,
45,TEST,images/117_a_ful_dripstone.png,COPPER,640,360,314,203,356,222,
46,TEST,images/117_a_ful_dripstone.png,LAPIS,640,360,541,190,615,253,
47,TEST,images/117_a_ful_dripstone.png,IRON,640,360,279,217,311,256,
48,TEST,images/117_a_ful_dripstone.png,IRON,640,360,342,223,357,242,
49,TEST,images/117_a_ful_dripstone.png,COPPER,640,360,326,223,341,241,
50,TEST,images/117_a_ful_dripstone.png,COPPER,640,360,521,74,537,125,
51,TEST,images/117_a_ful_dripstone.png,IRON,640,360,393,132,414,144,
52,TEST,images/117_a_ful_dripstone.png,LAPIS,640,360,470,127,489,139,
53,TEST,images/119_a_l_unknown.png,LAPIS,640,360,260,114,486,308,
54,TRAIN,images/11_a_d_geode.png,DIAMOND,640,360,440,151,503,205,
55,TRAIN,images/120_a_uf_dripstone.png,COPPER,640,360,33,172,164,273,
56,TRAIN,images/120_a_uf_dripstone.png,IRON,640,360,385,213,403,232,
57,TRAIN,images/122_a_fu_water.png,IRON,640,360,308,248,335,277,
58,TRAIN,images/122_a_fu_water.png,COPPER,640,360,229,278,276,314,
59,VAL,images/123_a_lufo_dripstone.png,COPPER,640,360,294,1,377,107,
60,VAL,images/123_a_lufo_dripstone.png,LAPIS,640,360,252,106,294,195,
61,VAL,images/123_a_lufo_dripstone.png,IRON,640,360,306,159,330,174,
62,VAL,images/123_a_lufo_dripstone.png,IRON,640,360,542,169,580,219,
63,VAL,images/123_a_lufo_dripstone.png,GOLD,640,360,313,192,336,206,
64,VAL,images/123_a_lufo_dripstone.png,GOLD,640,360,360,139,371,151,
65,TEST,images/126_a_fou_unknown.png,GOLD,640,360,199,126,233,160,
66,TEST,images/126_a_fou_unknown.png,COPPER,640,360,326,86,366,109,
67,TEST,images/126_a_fou_unknown.png,IRON,640,360,354,249,413,307,
68,TEST,images/126_a_fou_unknown.png,COPPER,640,360,364,112,390,135,
69,TEST,images/126_a_fou_unknown.png,COPPER,640,360,421,192,437,207,
70,TEST,images/126_a_fou_unknown.png,COAL,640,360,2,230,45,256,
71,TEST,images/127_a_c_mountain.png,COAL,640,360,186,112,202,134,
72,TEST,images/127_a_c_mountain.png,COAL,640,360,359,131,382,159,
73,TRAIN,images/129_a_f_mountain.png,IRON,640,360,449,114,506,173,
74,TRAIN,images/12_a_u_lushcave.png,COPPER,640,360,347,173,393,198,
75,TEST,images/130_a_ce_mountain.png,COAL,640,360,1,248,168,312,
76,TEST,images/130_a_ce_mountain.png,COPPER,640,360,383,161,394,174,
77,TEST,images/130_a_ce_mountain.png,EMERALD,640,360,353,180,360,189,
78,TRAIN,images/131_a_ce_mountain.png,EMERALD,640,360,323,208,360,230,
79,TRAIN,images/131_a_ce_mountain.png,COAL,640,360,370,137,391,162,
80,TRAIN,images/131_a_ce_mountain.png,COAL,640,360,539,182,568,196,
81,TRAIN,images/131_a_ce_mountain.png,COAL,640,360,462,222,476,234,
82,VAL,images/132_a_cf_mountain.png,IRON,640,360,320,154,339,174,
83,VAL,images/132_a_cf_mountain.png,COAL,640,360,331,132,342,142,
84,TRAIN,images/133_a_l_unknown.png,LAPIS,640,360,265,119,368,216,
85,VAL,images/134_a_f_unknown.png,IRON,640,360,292,114,340,162,
86,TRAIN,images/135_a_rf_unknown.png,IRON,640,360,214,269,262,306,
87,TRAIN,images/135_a_rf_unknown.png,REDSTONE,640,360,391,94,460,199,
88,TEST,images/136_a_lfr_unknown.png,LAPIS,640,360,179,118,275,160,
89,TEST,images/136_a_lfr_unknown.png,IRON,640,360,462,156,489,214,
90,TEST,images/136_a_lfr_unknown.png,REDSTONE,640,360,574,14,640,71,
91,TEST,images/137_a_f_unknown.png,IRON,640,360,296,74,359,234,
92,TRAIN,images/138_a_ru_lava.png,REDSTONE,640,360,72,29,220,249,
93,TRAIN,images/138_a_ru_lava.png,COPPER,640,360,525,1,634,105,
94,TRAIN,images/139_a_fr_mineshaft.png,IRON,640,360,370,196,454,279,
95,TRAIN,images/139_a_fr_mineshaft.png,REDSTONE,640,360,77,1,134,36,
96,TRAIN,images/139_a_fr_mineshaft.png,IRON,640,360,273,56,326,109,
97,TRAIN,images/13_a_fud_lushcave.png,COPPER,640,360,265,67,288,106,
98,TRAIN,images/13_a_fud_lushcave.png,IRON,640,360,325,311,378,360,
99,TRAIN,images/13_a_fud_lushcave.png,DIAMOND,640,360,293,108,302,120,
100,VAL,images/140_a_rf_mineshaft.png,REDSTONE,640,360,165,2,212,55,
101,VAL,images/140_a_rf_mineshaft.png,IRON,640,360,337,51,395,108,
102,VAL,images/140_a_rf_mineshaft.png,IRON,640,360,468,194,599,299,
103,TRAIN,images/141_a_f_mineshaft.png,IRON,640,360,241,34,303,106,
104,TRAIN,images/141_a_f_mineshaft.png,IRON,640,360,368,225,419,274,
105,VAL,images/142_a_c_unknown.png,COAL,640,360,145,99,297,186,
106,VAL,images/143_a_o_unknown.png,GOLD,640,360,402,100,482,169,
107,TRAIN,images/144_a_u_mineshaft.png,COPPER,640,360,163,97,416,308,
108,TRAIN,images/145_a_u_mineshaft.png,COPPER,640,360,313,159,410,183,
109,TRAIN,images/146_a_o_unknown.png,GOLD,640,360,497,171,557,199,
110,VAL,images/147_a_c_unknown.png,COAL,640,360,254,141,317,214,
111,VAL,images/148_a_o_mineshaft.png,GOLD,640,360,42,3,184,148,
112,TRAIN,images/149_a_rf_lushcave.png,IRON,640,360,113,86,216,142,
113,TRAIN,images/149_a_rf_lushcave.png,REDSTONE,640,360,216,81,262,131,
114,TRAIN,images/149_a_rf_lushcave.png,IRON,640,360,491,134,546,188,
115,TRAIN,images/150_a_l_unknown.png,LAPIS,640,360,420,142,502,235,
116,TEST,images/151_a_f_lushcave.png,IRON,640,360,179,91,288,178,
117,TRAIN,images/152_a_f_unknown.png,IRON,640,360,254,34,527,192,
118,TRAIN,images/153_a_rl_unknown.png,REDSTONE,640,360,200,196,223,218,
119,TRAIN,images/153_a_rl_unknown.png,LAPIS,640,360,312,147,331,165,
120,TRAIN,images/153_a_rl_unknown.png,LAPIS,640,360,498,51,640,110,
121,TRAIN,images/154_a_r_unknown.png,REDSTONE,640,360,335,123,386,169,
122,VAL,images/155_a_l_unknown.png,LAPIS,640,360,238,188,383,312,
123,VAL,images/155_a_l_unknown.png,IRON,640,360,365,201,394,214,
124,TRAIN,images/156_a_fo_unknown.png,GOLD,640,360,341,139,402,215,
125,TRAIN,images/156_a_fo_unknown.png,IRON,640,360,387,283,458,342,
126,VAL,images/157_a_fr_unknown.png,REDSTONE,640,360,326,96,351,131,
127,VAL,images/157_a_fr_unknown.png,IRON,640,360,128,148,174,199,
128,VAL,images/157_a_fr_unknown.png,IRON,640,360,377,125,419,155,
129,TRAIN,images/158_a_o_unknown.png,GOLD,640,360,443,132,533,219,
130,TRAIN,images/159_a_q_fortress.png,QUARTZ,640,360,241,43,294,100,
131,TRAIN,images/159_a_q_fortress.png,QUARTZ,640,360,290,195,342,265,
132,VAL,images/15_a_f_lushcave.png,IRON,640,360,476,80,568,120,
133,VAL,images/15_a_f_lushcave.png,IRON,640,360,247,81,284,108,
134,TRAIN,images/160_a_q_basalt.png,QUARTZ,640,360,246,136,335,193,
135,TRAIN,images/160_a_q_basalt.png,QUARTZ,640,360,404,295,426,351,
136,TRAIN,images/161_a_nq_basalt.png,NETHERGOLD,640,360,239,82,326,161,
137,TRAIN,images/161_a_nq_basalt.png,QUARTZ,640,360,289,123,410,202,
138,TRAIN,images/162_a_n_basalt.png,NETHERGOLD,640,360,268,120,354,206,
139,TRAIN,images/163_a_nq_nether.png,QUARTZ,640,360,188,91,385,182,
140,TRAIN,images/163_a_nq_nether.png,QUARTZ,640,360,350,178,448,274,
141,TRAIN,images/163_a_nq_nether.png,NETHERGOLD,640,360,267,181,297,217,
142,TRAIN,images/164_a_n_nether.png,NETHERGOLD,640,360,302,104,374,218,
143,TRAIN,images/165_a_n_nether.png,NETHERGOLD,640,360,463,121,591,266,
144,TRAIN,images/167_a_c_water.png,COAL,640,360,243,99,461,253,
145,VAL,images/168_a_fu_water.png,COPPER,640,360,290,52,355,118,
146,VAL,images/168_a_fu_water.png,IRON,640,360,231,240,344,343,
147,TRAIN,images/169_a_u_water.png,COPPER,640,360,53,164,219,317,
148,VAL,images/170_a_uf_unknown.png,COPPER,640,360,120,117,197,169,
149,VAL,images/170_a_uf_unknown.png,IRON,640,360,297,183,445,243,
150,TEST,images/171_a_u_unknown.png,COPPER,640,360,461,55,624,163,
151,TRAIN,images/172_a_lu_unknown.png,COPPER,640,360,369,92,579,239,
152,TRAIN,images/172_a_lu_unknown.png,LAPIS,640,360,140,130,276,186,
153,VAL,images/173_a_f_unknown.png,IRON,640,360,231,52,420,245,
154,TRAIN,images/174_a_f_unknown.png,IRON,640,360,278,146,343,251,
155,TRAIN,images/175_a_f_unknown.png,IRON,640,360,140,16,369,208,
156,TRAIN,images/176_a_u_unknown.png,COPPER,640,360,226,80,382,200,
157,VAL,images/177_a_f_unknown.png,IRON,640,360,143,105,282,225,
158,TRAIN,images/178_a_f_unknown.png,IRON,640,360,267,128,348,201,
159,VAL,images/179_a_r_unknown.png,REDSTONE,640,360,240,95,330,210,
160,TEST,images/180_a_r_unknown.png,REDSTONE,640,360,253,54,362,104,
161,VAL,images/181_a_f_unknown.png,IRON,640,360,311,179,395,326,
162,VAL,images/181_a_f_unknown.png,IRON,640,360,371,29,455,140,
163,VAL,images/181_a_f_unknown.png,IRON,640,360,146,52,253,128,
164,TEST,images/182_a_r_unknown.png,REDSTONE,640,360,350,82,580,307,
165,TRAIN,images/183_a_r_unknown.png,REDSTONE,640,360,278,62,367,210,
166,TRAIN,images/184_a_r_unknown.png,DIAMOND,640,360,375,85,397,108,
167,TRAIN,images/184_a_r_unknown.png,REDSTONE,640,360,109,217,474,360,
168,TRAIN,images/185_a_dr_unknown.png,DIAMOND,640,360,128,167,288,308,
169,TRAIN,images/185_a_dr_unknown.png,REDSTONE,640,360,321,111,414,134,
170,VAL,images/186_a_d_lava.png,DIAMOND,640,360,237,152,394,247,
171,TRAIN,images/187_a_or_unknown.png,REDSTONE,640,360,330,46,428,106,
172,TRAIN,images/187_a_or_unknown.png,GOLD,640,360,435,90,625,242,
173,TRAIN,images/188_a_r_mineshaft.png,REDSTONE,640,360,203,170,341,259,
174,TRAIN,images/188_a_r_mineshaft.png,IRON,640,360,555,109,640,251,
175,TEST,images/189_a_d_mineshaft.png,DIAMOND,640,360,203,116,393,271,
176,TRAIN,images/18_a_r_lava.png,REDSTONE,640,360,331,197,345,212,
177,TRAIN,images/190_a_d_mineshaft.png,DIAMOND,640,360,56,30,213,198,
178,TRAIN,images/191_a_r_unknown.png,REDSTONE,640,360,21,1,528,316,
179,TRAIN,images/192_a_d_unknown.png,DIAMOND,640,360,393,179,446,198,
180,TEST,images/193_a_d_unknown.png,DIAMOND,640,360,197,32,420,250,
181,TRAIN,images/194_a_f_unknown.png,IRON,640,360,194,233,267,311,
182,TRAIN,images/194_a_f_unknown.png,IRON,640,360,363,23,435,132,
183,TRAIN,images/195_a_ro_unknown.png,REDSTONE,640,360,91,156,155,237,
184,TRAIN,images/195_a_ro_unknown.png,GOLD,640,360,423,155,481,209,
185,TRAIN,images/196_a_f_unknown.png,IRON,640,360,199,114,307,216,
186,VAL,images/197_a_l_lushcave.png,LAPIS,640,360,262,113,330,177,
187,TRAIN,images/198_a_r_unknown.png,REDSTONE,640,360,296,49,347,108,
188,VAL,images/199_a_o_unknown.png,GOLD,640,360,324,97,368,138,
189,VAL,images/199_a_o_unknown.png,GOLD,640,360,272,255,339,328,
190,TRAIN,images/19_a_or_unknown.png,REDSTONE,640,360,219,134,268,156,
191,TRAIN,images/19_a_or_unknown.png,GOLD,640,360,294,189,326,203,
192,TRAIN,images/200_a_f_unknown.png,IRON,640,360,71,143,172,225,
193,TEST,images/201_a_or_unknown.png,GOLD,640,360,274,15,326,51,
194,TEST,images/201_a_or_unknown.png,REDSTONE,640,360,491,108,598,189,
195,TRAIN,images/202_a_r_lava.png,REDSTONE,640,360,68,184,137,256,
196,TRAIN,images/202_a_r_lava.png,REDSTONE,640,360,119,125,179,177,
197,TRAIN,images/203_a_r_lava.png,REDSTONE,640,360,199,249,279,313,
198,TRAIN,images/203_a_r_lava.png,REDSTONE,640,360,280,157,300,171,
199,TRAIN,images/203_a_r_lava.png,REDSTONE,640,360,255,72,279,113,
200,TRAIN,images/203_a_r_lava.png,REDSTONE,640,360,349,103,368,123,
201,TEST,images/204_a_c_unknown.png,COAL,640,360,233,119,317,194,
202,VAL,images/205_a_c_unknown.png,COAL,640,360,176,63,251,132,
203,TRAIN,images/206_a_c_water.png,COAL,640,360,381,51,516,256,
204,TRAIN,images/207_a_c_dripstone.png,COAL,640,360,210,206,334,299,
205,TRAIN,images/207_a_c_dripstone.png,COAL,640,360,283,105,374,148,
206,TRAIN,images/208_a_c_dripstone.png,COAL,640,360,199,107,346,311,
207,TRAIN,images/209_a_u_dripstone.png,COPPER,640,360,220,50,391,291,
208,TEST,images/20_a_d_unknown.png,DIAMOND,640,360,189,120,313,170,
209,TRAIN,images/210_a_u_water.png,COPPER,640,360,214,1,482,134,
210,TRAIN,images/210_a_u_water.png,COPPER,640,360,348,199,410,260,
211,TRAIN,images/211_a_cu_mineshaft.png,COPPER,640,360,87,97,277,173,
212,TRAIN,images/211_a_cu_mineshaft.png,COPPER,640,360,316,108,376,200,
213,TRAIN,images/211_a_cu_mineshaft.png,COAL,640,360,102,175,309,272,
214,TRAIN,images/212_a_f_unknown.png,IRON,640,360,1,66,357,347,
215,TRAIN,images/212_a_f_unknown.png,COPPER,640,360,129,21,208,45,
216,TRAIN,images/213_a_cfu_unknown.png,IRON,640,360,196,58,263,97,
217,TRAIN,images/213_a_cfu_unknown.png,COPPER,640,360,405,96,469,152,
218,TRAIN,images/213_a_cfu_unknown.png,COAL,640,360,218,212,366,323,
219,TRAIN,images/213_a_cfu_unknown.png,COAL,640,360,595,124,613,149,
220,TRAIN,images/214_a_f_water.png,IRON,640,360,186,212,228,249,
221,TRAIN,images/214_a_f_water.png,IRON,640,360,396,66,402,82,
222,TRAIN,images/214_a_f_water.png,IRON,640,360,614,63,640,90,
223,TRAIN,images/215_a_f_water.png,COPPER,640,360,233,37,268,94,
224,TRAIN,images/215_a_f_water.png,IRON,640,360,346,179,372,205,
225,TRAIN,images/216_a_c_mountain.png,COAL,640,360,202,90,282,171,
226,TEST,images/217_a_c_mountain.png,COAL,640,360,314,111,353,149,
227,TRAIN,images/218_a_c_mountain.png,COAL,640,360,460,60,560,185,
228,TRAIN,images/218_a_c_mountain.png,COAL,640,360,242,186,257,203,
229,TRAIN,images/218_a_c_mountain.png,COAL,640,360,215,163,234,172,
230,TRAIN,images/218_a_c_mountain.png,COPPER,640,360,436,126,458,159,
231,TRAIN,images/218_a_c_mountain.png,COPPER,640,360,302,317,317,332,
232,TRAIN,images/219_a_u_mountain.png,COPPER,640,360,90,139,154,179,
233,TRAIN,images/21_a_e_stronghold.png,EMERALD,640,360,340,105,360,127,
234,TEST,images/220_a_cf_mountain.png,COAL,640,360,312,165,352,197,
235,TEST,images/220_a_cf_mountain.png,COAL,640,360,385,247,396,259,
236,TEST,images/220_a_cf_mountain.png,IRON,640,360,322,144,342,165,
237,TRAIN,images/221_a_c_mountain.png,COAL,640,360,420,122,497,209,
238,TRAIN,images/222_a_uc_mountain.png,COPPER,640,360,191,121,265,162,
239,TRAIN,images/222_a_uc_mountain.png,COAL,640,360,431,99,489,154,
240,TRAIN,images/223_a_cu_unknown.png,COAL,640,360,238,130,294,157,
241,TRAIN,images/223_a_cu_unknown.png,COPPER,640,360,96,178,178,216,
242,TRAIN,images/224_a_e_mountain.png,EMERALD,640,360,297,68,315,88,
243,VAL,images/225_a_e_mountain.png,EMERALD,640,360,163,135,279,251,
244,TRAIN,images/226_a_c_mountain.png,COAL,640,360,6,224,19,249,
245,TRAIN,images/226_a_c_mountain.png,COAL,640,360,521,176,640,265,
246,VAL,images/227_a_c_mountain.png,COAL,640,360,388,108,433,183,
247,VAL,images/227_a_c_mountain.png,COAL,640,360,221,92,250,126,
248,TRAIN,images/228_a_u_water.png,COPPER,640,360,172,209,218,259,
249,TRAIN,images/228_a_u_water.png,COPPER,640,360,250,188,297,236,
250,TRAIN,images/228_a_u_water.png,COPPER,640,360,309,123,378,186,
251,TRAIN,images/228_a_u_water.png,COPPER,640,360,436,77,580,144,
252,TRAIN,images/229_a_c_water.png,COAL,640,360,254,100,356,239,
253,TEST,images/22_a_rd_dungeon.png,DIAMOND,640,360,352,84,400,126,
254,TEST,images/22_a_rd_dungeon.png,REDSTONE,640,360,443,100,491,131,
255,TRAIN,images/230_a_u_water.png,COPPER,640,360,393,119,512,246,
256,TEST,images/231_a_u_water.png,COPPER,640,360,231,56,326,181,
257,TRAIN,images/232_a_c_water.png,COAL,640,360,1,115,200,326,
258,VAL,images/233_a_f_water.png,IRON,640,360,367,158,460,299,
259,TRAIN,images/234_a_l_water.png,LAPIS,640,360,166,48,330,154,
260,TRAIN,images/235_a_c_water.png,COAL,640,360,139,113,211,250,
261,TRAIN,images/236_a_r_water.png,REDSTONE,640,360,381,89,539,303,
262,TEST,images/237_a_fr_water.png,IRON,640,360,106,94,213,229,
263,TEST,images/237_a_fr_water.png,REDSTONE,640,360,242,142,294,185,
264,TEST,images/237_a_fr_water.png,IRON,640,360,360,118,637,334,
265,TRAIN,images/238_a_r_water.png,REDSTONE,640,360,396,63,465,132,
266,VAL,images/239_a_f_water.png,IRON,640,360,359,68,443,149,
267,TEST,images/23_a_f_unknown.png,IRON,640,360,203,59,233,90,
268,TEST,images/23_a_f_unknown.png,IRON,640,360,345,269,437,357,
269,TEST,images/23_a_f_unknown.png,IRON,640,360,336,172,359,199,
270,VAL,images/240_a_f_water.png,IRON,640,360,137,147,323,256,
271,TRAIN,images/241_a_l_water.png,LAPIS,640,360,261,204,385,276,
272,VAL,images/242_a_f_water.png,IRON,640,360,171,89,279,302,
273,TRAIN,images/243_a_f_mineshaft.png,IRON,640,360,290,121,511,243,
274,TEST,images/244_a_f_mineshaft.png,IRON,640,360,257,132,353,194,
275,TRAIN,images/245_a_u_unknown.png,COPPER,640,360,416,123,463,196,
276,TRAIN,images/245_a_u_unknown.png,COPPER,640,360,451,203,489,240,
277,TEST,images/246_a_f_mineshaft.png,IRON,640,360,320,1,639,232,
278,VAL,images/247_a_u_mineshaft.png,COPPER,640,360,154,119,227,272,
279,TRAIN,images/248_a_f_mineshaft.png,IRON,640,360,311,214,431,255,
280,TRAIN,images/248_a_f_mineshaft.png,COPPER,640,360,339,154,362,176,
281,TEST,images/249_a_f_unknown.png,IRON,640,360,220,139,260,251,
282,TEST,images/24_a_c_unknown.png,COAL,640,360,354,128,373,144,
283,TRAIN,images/250_a_or_unknown.png,GOLD,640,360,223,136,339,209,
284,TRAIN,images/250_a_or_unknown.png,REDSTONE,640,360,84,161,101,177,
285,TRAIN,images/250_a_or_unknown.png,REDSTONE,640,360,90,133,108,144,
286,TRAIN,images/251_a_r_unknown.png,REDSTONE,640,360,438,126,623,270,
287,TRAIN,images/252_a_f_unknown.png,IRON,640,360,320,174,364,200,
288,VAL,images/253_a_f_unknown.png,IRON,640,360,109,169,245,294,
289,VAL,images/253_a_f_unknown.png,COAL,640,360,285,78,332,123,
290,TEST,images/254_a_d_unknown.png,DIAMOND,640,360,358,149,384,186,
291,TEST,images/255_a_f_unknown.png,IRON,640,360,267,164,339,198,
292,TEST,images/256_a_o_unknown.png,GOLD,640,360,316,195,363,230,
293,TRAIN,images/257_a_r_unknown.png,IRON,640,360,270,139,317,178,
294,TRAIN,images/257_a_r_unknown.png,REDSTONE,640,360,565,112,640,147,
295,TRAIN,images/258_a_r_unknown.png,REDSTONE,640,360,278,120,323,144,
296,TRAIN,images/259_a_c_mesa.png,COAL,640,360,212,133,351,201,
297,TRAIN,images/259_a_c_mesa.png,COAL,640,360,85,122,131,134,
298,TEST,images/25_a_c_unknown.png,COAL,640,360,240,140,280,171,
299,TEST,images/25_a_c_unknown.png,COAL,640,360,366,323,445,360,
300,TEST,images/25_a_c_unknown.png,COAL,640,360,268,201,335,214,
301,TRAIN,images/260_a_r_unknown.png,REDSTONE,640,360,200,99,335,268,
302,VAL,images/261_a_l_mineshaft.png,LAPIS,640,360,238,144,319,207,
303,TRAIN,images/262_a_od_unknown.png,GOLD,640,360,186,66,213,103,
304,TRAIN,images/262_a_od_unknown.png,DIAMOND,640,360,321,254,532,360,
305,TRAIN,images/263_a_fl_lushcave.png,IRON,640,360,122,108,203,226,
306,TRAIN,images/263_a_fl_lushcave.png,IRON,640,360,134,1,217,14,
307,TRAIN,images/263_a_fl_lushcave.png,LAPIS,640,360,274,171,329,230,
308,TRAIN,images/264_a_co_mesa.png,GOLD,640,360,272,227,431,360,
309,TRAIN,images/264_a_co_mesa.png,COAL,640,360,455,7,494,46,
310,TRAIN,images/264_a_co_mesa.png,GOLD,640,360,611,33,640,59,
311,VAL,images/265_a_c_unknown.png,COAL,640,360,283,30,326,71,
312,VAL,images/265_a_c_unknown.png,COAL,640,360,347,102,390,141,
313,TRAIN,images/266_a_cu_unknown.png,COAL,640,360,359,73,479,181,
314,TRAIN,images/266_a_cu_unknown.png,COPPER,640,360,40,198,160,298,
315,VAL,images/267_a_cuo_mesa.png,GOLD,640,360,344,175,394,265,
316,VAL,images/267_a_cuo_mesa.png,COAL,640,360,79,200,102,244,
317,VAL,images/267_a_cuo_mesa.png,COAL,640,360,355,281,370,310,
318,VAL,images/267_a_cuo_mesa.png,COPPER,640,360,340,239,360,282,
319,VAL,images/267_a_cuo_mesa.png,GOLD,640,360,203,260,213,278,
320,VAL,images/267_a_cuo_mesa.png,COPPER,640,360,88,247,103,281,
321,TEST,images/268_a_c_water.png,COAL,640,360,48,71,584,341,
322,TEST,images/269_a_dr_lava.png,DIAMOND,640,360,42,120,198,210,
323,TEST,images/269_a_dr_lava.png,REDSTONE,640,360,547,205,624,277,
324,TRAIN,images/271_a_r_dungeon.png,REDSTONE,640,360,354,49,464,163,
325,TRAIN,images/271_a_r_dungeon.png,REDSTONE,640,360,337,234,437,312,
326,VAL,images/272_a_o_mineshaft.png,GOLD,640,360,247,236,319,335,
327,TRAIN,images/273_a_c_water.png,COAL,640,360,224,165,341,250,
328,TRAIN,images/273_a_c_water.png,COAL,640,360,172,249,230,278,
329,TRAIN,images/273_a_c_water.png,COAL,640,360,502,269,602,360,
330,TEST,images/274_a_u_mountain.png,COPPER,640,360,421,113,478,196,
331,TRAIN,images/275_a_o_mesa.png,GOLD,640,360,252,183,281,211,
332,TRAIN,images/276_a_cu_mountain.png,COPPER,640,360,432,293,492,344,
333,TRAIN,images/276_a_cu_mountain.png,COAL,640,360,182,1,291,101,
334,VAL,images/277_a_cu_dripstone.png,COPPER,640,360,255,245,311,299,
335,VAL,images/277_a_cu_dripstone.png,COPPER,640,360,283,130,369,219,
336,VAL,images/277_a_cu_dripstone.png,COAL,640,360,379,109,404,151,
337,TRAIN,images/278_a_cu_dripstone.png,COAL,640,360,353,177,438,265,
338,TRAIN,images/278_a_cu_dripstone.png,COAL,640,360,1,42,49,86,
339,TRAIN,images/278_a_cu_dripstone.png,COPPER,640,360,250,107,298,165,
340,TRAIN,images/279_a_o_mesa.png,GOLD,640,360,92,296,210,360,
341,TRAIN,images/279_a_o_mesa.png,GOLD,640,360,523,183,597,216,
342,TRAIN,images/27_a_c_water.png,COAL,640,360,244,176,335,249,
343,TRAIN,images/280_a_fl_water.png,IRON,640,360,376,168,419,225,
344,TRAIN,images/280_a_fl_water.png,LAPIS,640,360,76,222,136,277,
345,TRAIN,images/281_a_uo_lushcave.png,COPPER,640,360,330,79,374,152,
346,TRAIN,images/281_a_uo_lushcave.png,GOLD,640,360,231,211,270,285,
347,TRAIN,images/282_a_u_unknown.png,COPPER,640,360,264,150,328,216,
348,TRAIN,images/283_a_or_mineshaft.png,GOLD,640,360,1,145,206,360,
349,TRAIN,images/283_a_or_mineshaft.png,REDSTONE,640,360,362,116,471,210,
350,TRAIN,images/284_a_u_unknown.png,COPPER,640,360,315,160,369,187,
351,TRAIN,images/285_a_co_dripstone.png,GOLD,640,360,204,165,285,271,
352,TRAIN,images/285_a_co_dripstone.png,COAL,640,360,405,329,443,360,
353,TEST,images/286_a_fo_lushcave.png,IRON,640,360,10,1,240,150,
354,TEST,images/286_a_fo_lushcave.png,GOLD,640,360,406,324,471,360,
355,TEST,images/286_a_fo_lushcave.png,REDSTONE,640,360,390,197,407,205,
356,TRAIN,images/287_a_c_water.png,COAL,640,360,141,95,330,321,
357,TEST,images/288_a_l_unknown.png,LAPIS,640,360,263,167,320,226,
358,TRAIN,images/289_a_d_unknown.png,DIAMOND,640,360,138,9,202,61,
359,TRAIN,images/28_a_u_mineshaft.png,COPPER,640,360,288,215,376,294,
360,TRAIN,images/290_a_c_mountain.png,COAL,640,360,321,31,377,92,
361,TRAIN,images/290_a_c_mountain.png,COAL,640,360,244,112,328,196,
362,TRAIN,images/291_a_co_mesa.png,GOLD,640,360,144,146,228,218,
363,TRAIN,images/291_a_co_mesa.png,COAL,640,360,324,232,376,290,
364,TRAIN,images/292_a_l_mineshaft.png,LAPIS,640,360,1,1,245,308,
365,TRAIN,images/293_a_cuo_mesa.png,COAL,640,360,215,269,233,292,
366,TRAIN,images/293_a_cuo_mesa.png,COPPER,640,360,9,241,63,291,
367,TRAIN,images/293_a_cuo_mesa.png,GOLD,640,360,306,94,354,122,
368,TEST,images/294_a_c_unknown.png,COAL,640,360,278,245,312,274,
369,TRAIN,images/295_a_c_water.png,COAL,640,360,232,235,342,354,
370,TRAIN,images/295_a_c_water.png,IRON,640,360,344,180,490,360,
371,TEST,images/296_a_f_mountain.png,IRON,640,360,189,39,267,123,
372,VAL,images/297_a_cu_mesa.png,COPPER,640,360,437,57,549,143,
373,VAL,images/297_a_cu_mesa.png,COPPER,640,360,289,154,528,309,
374,VAL,images/297_a_cu_mesa.png,COAL,640,360,116,138,162,159,
375,VAL,images/297_a_cu_mesa.png,COAL,640,360,1,187,71,223,
376,VAL,images/297_a_cu_mesa.png,COAL,640,360,19,203,192,360,
377,TRAIN,images/298_a_c_unknown.png,COAL,640,360,284,144,302,158,
378,TEST,images/299_a_o_mesa.png,GOLD,640,360,269,245,390,316,
379,TRAIN,images/300_a_d_unknown.png,DIAMOND,640,360,254,216,331,305,
380,TEST,images/301_a_o_mesa.png,GOLD,640,360,292,169,432,276,
381,TEST,images/301_a_o_mesa.png,GOLD,640,360,558,138,637,169,
382,TEST,images/302_a_cu_dripstone.png,COAL,640,360,206,72,275,120,
383,TEST,images/302_a_cu_dripstone.png,COPPER,640,360,206,2,301,54,
384,TEST,images/302_a_cu_dripstone.png,COPPER,640,360,257,52,309,92,
385,TEST,images/302_a_cu_dripstone.png,COAL,640,360,392,226,412,252,
386,TEST,images/302_a_cu_dripstone.png,COAL,640,360,421,201,439,272,
387,VAL,images/303_a_do_unknown.png,DIAMOND,640,360,229,226,352,352,
388,VAL,images/303_a_do_unknown.png,GOLD,640,360,179,183,251,222,
389,VAL,images/303_a_do_unknown.png,GOLD,640,360,334,140,368,151,
390,TEST,images/304_a_c_unknown.png,COAL,640,360,188,111,448,296,
391,TRAIN,images/305_a_d_unknown.png,DIAMOND,640,360,224,148,399,268,
392,VAL,images/306_a_f_unknown.png,IRON,640,360,233,125,385,294,
393,TRAIN,images/307_a_r_unknown.png,REDSTONE,640,360,204,124,426,253,
394,TRAIN,images/30_a_f_unknown.png,IRON,640,360,204,100,445,329,
395,VAL,images/315_a_u_unknown.png,COPPER,640,360,295,81,335,116,
396,TRAIN,images/316_a_c_mountain.png,COAL,640,360,353,108,410,172,
397,TRAIN,images/317_a_c_mountain.png,COAL,640,360,323,62,339,78,
398,TEST,images/319_a_e_mountain.png,EMERALD,640,360,377,111,402,178,
399,VAL,images/31_a_cu_unknown.png,COAL,640,360,325,176,342,191,
400,VAL,images/31_a_cu_unknown.png,COPPER,640,360,402,230,422,252,
401,VAL,images/31_a_cu_unknown.png,COPPER,640,360,437,234,471,275,
402,VAL,images/31_a_cu_unknown.png,COPPER,640,360,293,285,307,316,
403,VAL,images/31_a_cu_unknown.png,COAL,640,360,333,310,341,332,
404,VAL,images/31_a_cu_unknown.png,COPPER,640,360,344,315,359,329,
405,VAL,images/31_a_cu_unknown.png,COAL,640,360,333,232,345,247,
406,TRAIN,images/320_a_c_mountain.png,COAL,640,360,273,135,317,177,
407,TRAIN,images/321_a_c_dripstone.png,COAL,640,360,57,28,86,63,
408,TRAIN,images/321_a_c_dripstone.png,COAL,640,360,96,17,125,81,
409,TRAIN,images/321_a_c_dripstone.png,COAL,640,360,406,113,499,177,
410,TRAIN,images/322_a_cu_unknown.png,COAL,640,360,105,196,159,239,
411,TRAIN,images/322_a_cu_unknown.png,COAL,640,360,17,269,137,320,
412,TRAIN,images/322_a_cu_unknown.png,COPPER,640,360,392,194,429,217,
413,TRAIN,images/322_a_cu_unknown.png,COPPER,640,360,453,194,499,222,
414,TRAIN,images/322_a_cu_unknown.png,COPPER,640,360,423,64,481,99,
415,TRAIN,images/322_a_cu_unknown.png,COPPER,640,360,254,69,291,122,
416,TRAIN,images/323_a_f_dripstone.png,IRON,640,360,380,189,444,231,
417,TRAIN,images/325_a_u_dripstone.png,COPPER,640,360,197,150,350,269,
418,TRAIN,images/326_a_l_dripstone.png,LAPIS,640,360,102,163,246,220,
419,TRAIN,images/327_a_ur_dripstone.png,REDSTONE,640,360,73,183,192,254,
420,TRAIN,images/327_a_ur_dripstone.png,COPPER,640,360,196,14,230,39,
421,TRAIN,images/328_a_fu_dripstone.png,COPPER,640,360,46,77,190,141,
422,TRAIN,images/328_a_fu_dripstone.png,COPPER,640,360,14,266,88,336,
423,TRAIN,images/328_a_fu_dripstone.png,IRON,640,360,446,62,540,144,
424,VAL,images/329_a_fl_dripstone.png,LAPIS,640,360,226,113,254,140,
425,VAL,images/329_a_fl_dripstone.png,IRON,640,360,193,243,219,284,
426,TRAIN,images/32_a_u_unknown.png,COPPER,640,360,430,126,451,146,
427,TRAIN,images/32_a_u_unknown.png,COPPER,640,360,393,219,439,250,
428,TRAIN,images/330_a_fo_unknown.png,IRON,640,360,326,135,414,179,
429,TRAIN,images/330_a_fo_unknown.png,GOLD,640,360,324,57,368,99,
430,TRAIN,images/330_a_fo_unknown.png,IRON,640,360,474,62,542,109,
431,TEST,images/331_a_d_dripstone.png,DIAMOND,640,360,169,68,279,152,
432,TEST,images/332_a_l_mineshaft.png,LAPIS,640,360,291,106,370,183,
433,VAL,images/333_a_d_dripstone.png,DIAMOND,640,360,50,69,233,179,
434,TRAIN,images/335_a_o_unknown.png,GOLD,640,360,57,52,253,216,
435,VAL,images/336_a_r_dripstone.png,REDSTONE,640,360,257,1,393,133,
436,VAL,images/336_a_r_dripstone.png,REDSTONE,640,360,188,280,231,327,
437,VAL,images/338_a_odr_unknown.png,GOLD,640,360,317,143,383,218,
438,VAL,images/338_a_odr_unknown.png,DIAMOND,640,360,47,22,76,45,
439,VAL,images/338_a_odr_unknown.png,REDSTONE,640,360,129,40,149,59,
440,TRAIN,images/339_a_ord_unknown.png,DIAMOND,640,360,46,20,75,42,
441,TRAIN,images/339_a_ord_unknown.png,REDSTONE,640,360,131,39,148,57,
442,TRAIN,images/339_a_ord_unknown.png,GOLD,640,360,317,142,381,214,
443,TRAIN,images/33_a_uol_unknown.png,LAPIS,640,360,415,140,477,173,
444,TRAIN,images/33_a_uol_unknown.png,GOLD,640,360,190,72,202,96,
445,TRAIN,images/33_a_uol_unknown.png,COPPER,640,360,234,258,271,288,
446,TRAIN,images/340_a_fd_dripstone.png,IRON,640,360,2,183,110,279,
447,TRAIN,images/340_a_fd_dripstone.png,IRON,640,360,176,191,220,228,
448,TRAIN,images/340_a_fd_dripstone.png,IRON,640,360,253,212,300,259,
449,TRAIN,images/340_a_fd_dripstone.png,DIAMOND,640,360,388,93,403,109,
450,TRAIN,images/341_a_d_dripstone.png,DIAMOND,640,360,266,90,374,190,
451,TRAIN,images/342_a_dr_unknown.png,DIAMOND,640,360,191,1,313,106,
452,TRAIN,images/342_a_dr_unknown.png,REDSTONE,640,360,270,224,383,291,
453,TEST,images/344_a_f_mineshaft.png,IRON,640,360,227,140,355,222,
454,VAL,images/345_a_fd_mineshaft.png,DIAMOND,640,360,281,32,390,178,
455,VAL,images/345_a_fd_mineshaft.png,IRON,640,360,90,1,166,51,
456,VAL,images/345_a_fd_mineshaft.png,IRON,640,360,219,117,258,132,
457,TEST,images/346_a_f_unknown.png,IRON,640,360,250,117,425,198,
458,TEST,images/346_a_f_unknown.png,IRON,640,360,187,202,340,326,
459,TEST,images/347_a_ol_dripstone.png,GOLD,640,360,237,17,352,229,
460,TRAIN,images/348_a_d_unknown.png,DIAMOND,640,360,129,134,214,202,
461,TRAIN,images/349_a_ul_dripstone.png,COPPER,640,360,188,54,376,175,
462,TRAIN,images/349_a_ul_dripstone.png,COPPER,640,360,311,165,437,272,
463,TRAIN,images/349_a_ul_dripstone.png,LAPIS,640,360,193,183,312,226,
464,TRAIN,images/34_a_fu_unknown.png,IRON,640,360,146,54,179,92,
465,TRAIN,images/34_a_fu_unknown.png,COPPER,640,360,248,234,262,257,
466,VAL,images/351_a_c_mountain.png,COAL,640,360,364,112,411,160,
467,TRAIN,images/352_a_c_mountain.png,COAL,640,360,23,190,190,317,
468,TEST,images/353_a_c_water.png,COAL,640,360,160,98,219,165,
469,TRAIN,images/354_a_u_unknown.png,COPPER,640,360,182,16,274,102,
470,TEST,images/356_a_or_lava.png,REDSTONE,640,360,267,108,313,146,
471,TEST,images/356_a_or_lava.png,GOLD,640,360,272,143,321,177,
472,TEST,images/358_a_r_lava.png,REDSTONE,640,360,57,123,227,299,
473,TEST,images/358_a_r_lava.png,REDSTONE,640,360,458,78,479,88,
474,TRAIN,images/359_a_f_lava.png,IRON,640,360,158,65,290,135,
475,TRAIN,images/35_a_c_unknown.png,COAL,640,360,261,152,274,168,
476,TEST,images/360_a_o_unknown.png,GOLD,640,360,306,65,432,162,
477,VAL,images/361_a_d_lava.png,DIAMOND,640,360,49,131,149,179,
478,VAL,images/361_a_d_lava.png,DIAMOND,640,360,362,112,505,185,
479,TRAIN,images/362_a_r_lava.png,REDSTONE,640,360,272,90,319,154,
480,TRAIN,images/362_a_r_lava.png,REDSTONE,640,360,354,139,457,193,
481,TRAIN,images/363_a_r_unknown.png,REDSTONE,640,360,219,133,400,239,
482,TRAIN,images/364_a_d_unknown.png,DIAMOND,640,360,226,118,318,185,
483,VAL,images/365_a_c_mountain.png,COAL,640,360,266,103,407,199,
484,TRAIN,images/366_a_u_lava.png,COPPER,640,360,351,163,449,324,
485,TRAIN,images/367_a_e_mountain.png,EMERALD,640,360,153,82,251,165,
486,TEST,images/368_a_e_unknown.png,EMERALD,640,360,198,86,376,228,
487,TEST,images/369_a_o_unknown.png,GOLD,640,360,301,81,357,237,
488,TRAIN,images/371_a_q_fortress.png,QUARTZ,640,360,302,148,329,193,
489,TEST,images/372_a_q_fortress.png,QUARTZ,640,360,267,106,387,262,
490,TRAIN,images/373_a_o_fortress.png,NETHERGOLD,640,360,277,166,295,200,
491,TRAIN,images/375_a_q_fortress.png,QUARTZ,640,360,350,127,406,182,
492,VAL,images/377_a_q_fortress.png,QUARTZ,640,360,284,160,358,188,
493,VAL,images/377_a_q_fortress.png,QUARTZ,640,360,233,45,295,88,
494,TRAIN,images/378_a_qo_fortress.png,QUARTZ,640,360,236,235,257,258,
495,TRAIN,images/378_a_qo_fortress.png,QUARTZ,640,360,82,2,456,140,
496,TRAIN,images/378_a_qo_fortress.png,NETHERGOLD,640,360,307,50,640,214,
497,TRAIN,images/379_a_q_fortress.png,QUARTZ,640,360,223,65,438,140,
498,VAL,images/37_a_c_unknown.png,COAL,640,360,91,1,617,342,
499,TEST,images/380_a_qo_crimson.png,QUARTZ,640,360,101,113,186,136,
500,TEST,images/380_a_qo_crimson.png,NETHERGOLD,640,360,279,153,614,286,
501,TRAIN,images/382_a_o_crimson.png,NETHERGOLD,640,360,200,225,215,240,
502,TRAIN,images/382_a_o_crimson.png,NETHERGOLD,640,360,326,123,362,157,
503,TRAIN,images/383_a_q_crimson.png,QUARTZ,640,360,268,209,324,241,
504,TRAIN,images/384_a_q_crimson.png,QUARTZ,640,360,312,88,330,130,
505,TRAIN,images/384_a_q_crimson.png,QUARTZ,640,360,306,294,338,310,
506,TRAIN,images/386_a_qo_crimson.png,NETHERGOLD,640,360,264,128,289,163,
507,TEST,images/387_a_q_warped.png,QUARTZ,640,360,297,192,327,210,
508,TEST,images/38_a_l_mineshaft.png,LAPIS,640,360,365,122,468,149,
509,TEST,images/38_a_l_mineshaft.png,LAPIS,640,360,260,137,375,185,
510,TRAIN,images/391_a_o_bastion.png,NETHERGOLD,640,360,315,141,364,175,
511,VAL,images/393_a_q_bastion.png,QUARTZ,640,360,210,199,294,273,
512,TRAIN,images/394_a_o_bastion.png,NETHERGOLD,640,360,315,191,355,223,
513,TEST,images/395_a_q_nether.png,QUARTZ,640,360,287,134,409,257,
514,TRAIN,images/399_a_qo_warped.png,NETHERGOLD,640,360,312,209,370,243,
515,TRAIN,images/399_a_qo_warped.png,QUARTZ,640,360,502,204,544,240,
516,TRAIN,images/39_a_l_unknown.png,LAPIS,640,360,302,190,360,251,
517,VAL,images/400_a_q_warped.png,QUARTZ,640,360,287,120,327,169,
518,TRAIN,images/401_a_q_warped.png,QUARTZ,640,360,242,238,367,341,
519,TRAIN,images/402_a_qo_warped.png,NETHERGOLD,640,360,24,114,169,250,
520,TRAIN,images/402_a_qo_warped.png,QUARTZ,640,360,315,159,329,173,
521,VAL,images/403_a_q_warped.png,QUARTZ,640,360,356,140,447,203,
522,VAL,images/403_a_q_warped.png,QUARTZ,640,360,138,2,182,68,
523,VAL,images/405_a_qo_fortress.png,QUARTZ,640,360,400,176,471,258,
524,VAL,images/405_a_qo_fortress.png,QUARTZ,640,360,224,98,263,154,
525,VAL,images/405_a_qo_fortress.png,QUARTZ,640,360,284,25,298,56,
526,VAL,images/405_a_qo_fortress.png,NETHERGOLD,640,360,242,149,274,191,
527,TEST,images/408_a_qo_fortress.png,QUARTZ,640,360,270,246,295,283,
528,TEST,images/408_a_qo_fortress.png,NETHERGOLD,640,360,382,119,442,153,
529,TRAIN,images/409_a_q_fortress.png,QUARTZ,640,360,224,224,388,312,
530,VAL,images/40_a_u_unknown.png,COPPER,640,360,314,226,459,305,
531,TEST,images/410_a_o_fortress.png,NETHERGOLD,640,360,294,205,418,296,
532,TEST,images/411_a_a_nether.png,DEBRIS,640,360,238,124,375,253,
533,TRAIN,images/412_a_a_nether.png,DEBRIS,640,360,349,158,389,195,
534,TRAIN,images/413_a_qa_nether.png,QUARTZ,640,360,211,162,245,189,
535,TRAIN,images/413_a_qa_nether.png,DEBRIS,640,360,392,246,431,275,
536,TEST,images/414_a_qao_nether.png,DEBRIS,640,360,150,214,208,267,
537,TEST,images/414_a_qao_nether.png,GOLD,640,360,248,46,292,86,
538,TEST,images/414_a_qao_nether.png,QUARTZ,640,360,320,72,399,112,
539,TEST,images/414_a_qao_nether.png,QUARTZ,640,360,484,74,524,92,
540,TRAIN,images/415_a_oa_nether.png,GOLD,640,360,292,60,316,88,
541,TRAIN,images/415_a_oa_nether.png,DEBRIS,640,360,298,236,359,297,
542,TRAIN,images/416_qo_nether.png,QUARTZ,640,360,235,185,284,221,
543,TRAIN,images/416_qo_nether.png,QUARTZ,640,360,200,182,237,205,
544,TRAIN,images/416_qo_nether.png,NETHERGOLD,640,360,447,58,583,171,
545,TRAIN,images/417_q_basalt.png,QUARTZ,640,360,295,198,375,307,
546,TRAIN,images/418_a_qo_nether.png,QUARTZ,640,360,421,117,467,156,
547,TRAIN,images/418_a_qo_nether.png,QUARTZ,640,360,301,179,318,192,
548,TRAIN,images/418_a_qo_nether.png,NETHERGOLD,640,360,199,219,279,268,
549,VAL,images/419_a_o_nether.png,NETHERGOLD,640,360,270,145,375,182,
550,TEST,images/420_a_o_basalt.png,NETHERGOLD,640,360,116,290,144,320,
551,TRAIN,images/422_a_q_basalt.png,QUARTZ,640,360,192,7,469,255,
552,TEST,images/423_a_o_nether.png,NETHERGOLD,640,360,378,152,426,213,
553,TRAIN,images/424_a_o_nether.png,NETHERGOLD,640,360,358,127,460,202,
554,TRAIN,images/425_a_q_nether.png,QUARTZ,640,360,257,71,289,111,
555,TRAIN,images/425_a_q_nether.png,QUARTZ,640,360,368,155,436,206,
556,TEST,images/426_a_q_nether.png,QUARTZ,640,360,246,247,318,324,
557,VAL,images/427_a_qo_nether.png,NETHERGOLD,640,360,239,80,260,105,
558,VAL,images/427_a_qo_nether.png,QUARTZ,640,360,334,229,518,360,
559,VAL,images/427_a_qo_nether.png,QUARTZ,640,360,23,66,67,94,
560,TRAIN,images/428_qo_nether.png,QUARTZ,640,360,306,17,402,89,
561,TRAIN,images/428_qo_nether.png,QUARTZ,640,360,400,237,463,274,
562,TRAIN,images/428_qo_nether.png,QUARTZ,640,360,170,226,216,248,
563,TRAIN,images/428_qo_nether.png,NETHERGOLD,640,360,78,145,100,163,
564,VAL,images/429_a_lr_unknown.png,LAPIS,640,360,288,196,322,215,
565,VAL,images/429_a_lr_unknown.png,REDSTONE,640,360,303,125,316,137,
566,TRAIN,images/42_a_r_mineshaft.png,REDSTONE,640,360,220,186,270,197,
567,VAL,images/430_a_lrd_water.png,LAPIS,640,360,323,126,357,144,
568,VAL,images/430_a_lrd_water.png,REDSTONE,640,360,403,34,420,55,
569,VAL,images/430_a_lrd_water.png,DIAMOND,640,360,171,71,188,86,
570,TRAIN,images/431_a_l_unknown.png,LAPIS,640,360,199,209,239,232,
571,TRAIN,images/431_a_l_unknown.png,COPPER,640,360,437,16,510,54,
572,VAL,images/432_a_l_unknown.png,LAPIS,640,360,219,108,288,165,
573,VAL,images/432_a_l_unknown.png,COPPER,640,360,345,137,399,185,
574,TRAIN,images/433_a_lu_unknown.png,LAPIS,640,360,144,149,248,206,
575,TRAIN,images/433_a_lu_unknown.png,COPPER,640,360,384,69,614,186,
576,TRAIN,images/434_a_lo_unknown.png,LAPIS,640,360,239,77,322,168,
577,TRAIN,images/434_a_lo_unknown.png,IRON,640,360,357,122,405,171,
578,TRAIN,images/435_a_lf_unknown.png,IRON,640,360,298,97,513,211,
579,TRAIN,images/435_a_lf_unknown.png,LAPIS,640,360,240,149,316,222,
580,TRAIN,images/436_a_cl_unknown.png,LAPIS,640,360,125,112,237,196,
581,TRAIN,images/436_a_cl_unknown.png,COAL,640,360,280,189,319,250,
582,TRAIN,images/436_a_cl_unknown.png,COAL,640,360,463,232,500,268,
583,TRAIN,images/437_cl_unknown.png,LAPIS,640,360,281,159,326,206,
584,TRAIN,images/437_cl_unknown.png,COAL,640,360,346,203,368,248,
585,TEST,images/438_a_l_water.png,LAPIS,640,360,158,118,274,178,
586,TRAIN,images/439_a_l_water.png,LAPIS,640,360,286,151,345,196,
587,TRAIN,images/43_a_o_unknown.png,GOLD,640,360,111,108,219,207,
588,TRAIN,images/43_a_o_unknown.png,GOLD,640,360,333,25,385,123,
589,TRAIN,images/440_a_l_water.png,LAPIS,640,360,253,157,359,246,
590,TRAIN,images/441_a_e_unknown.png,EMERALD,640,360,374,86,449,143,
591,TRAIN,images/442_a_ef_unknown.png,IRON,640,360,289,108,405,227,
592,TRAIN,images/442_a_ef_unknown.png,EMERALD,640,360,212,206,276,265,
593,TRAIN,images/442_a_ef_unknown.png,EMERALD,640,360,274,1,417,108,
594,TRAIN,images/443_a_ce_unknown.png,EMERALD,640,360,194,168,273,219,
595,TRAIN,images/443_a_ce_unknown.png,COAL,640,360,245,119,459,337,
596,TEST,images/444_a_e_dripstone.png,EMERALD,640,360,186,19,245,84,
597,VAL,images/445_a_ufeo_unknown.png,COPPER,640,360,300,226,376,265,
598,VAL,images/445_a_ufeo_unknown.png,IRON,640,360,285,152,341,208,
599,VAL,images/445_a_ufeo_unknown.png,EMERALD,640,360,394,144,419,160,
600,VAL,images/445_a_ufeo_unknown.png,GOLD,640,360,145,82,214,116,
601,TRAIN,images/446_a_e_unknown.png,EMERALD,640,360,306,94,342,139,
602,TRAIN,images/447_a_efc_unknown.png,IRON,640,360,251,214,313,282,
603,TRAIN,images/447_a_efc_unknown.png,COAL,640,360,337,189,377,226,
604,TRAIN,images/447_a_efc_unknown.png,COAL,640,360,404,162,448,190,
605,TRAIN,images/447_a_efc_unknown.png,EMERALD,640,360,277,115,351,164,
606,TRAIN,images/448_a_cue_unknown.png,COAL,640,360,360,96,422,143,
607,TRAIN,images/448_a_cue_unknown.png,EMERALD,640,360,223,168,279,224,
608,TRAIN,images/448_a_cue_unknown.png,COPPER,640,360,248,117,280,142,
609,TRAIN,images/449_a_e_unknown.png,EMERALD,640,360,394,129,471,184,
610,TRAIN,images/44_a_fu_unknown.png,IRON,640,360,158,246,387,360,
611,TRAIN,images/44_a_fu_unknown.png,COPPER,640,360,368,100,380,126,
612,TEST,images/450_a_e_unknown.png,EMERALD,640,360,302,114,345,171,
613,TRAIN,images/451_a_ec_unknown.png,EMERALD,640,360,297,153,343,194,
614,TRAIN,images/451_a_ec_unknown.png,COAL,640,360,217,28,293,89,
615,TRAIN,images/452_a_e_unknown.png,EMERALD,640,360,362,201,411,227,
616,TEST,images/453_a_e_unknown.png,EMERALD,640,360,340,166,391,201,
617,TRAIN,images/454_a_q_soulsand.png,QUARTZ,640,360,296,102,322,140,
618,TRAIN,images/454_a_q_soulsand.png,QUARTZ,640,360,371,189,388,209,
619,TRAIN,images/455_a_n_crimson.png,NETHERGOLD,640,360,214,74,253,112,
620,TRAIN,images/455_a_n_crimson.png,NETHERGOLD,640,360,468,217,508,245,
621,TRAIN,images/456_a_qn_soulsand.png,QUARTZ,640,360,223,227,252,256,
622,TRAIN,images/456_a_qn_soulsand.png,NETHERGOLD,640,360,378,43,408,75,
623,TEST,images/457_a_q_soulsand.png,QUARTZ,640,360,251,153,302,190,
624,TRAIN,images/458_a_n_soulsand.png,NETHERGOLD,640,360,385,151,403,165,
625,TRAIN,images/459_a_qn_crimson.png,NETHERGOLD,640,360,286,122,334,162,
626,TRAIN,images/459_a_qn_crimson.png,QUARTZ,640,360,349,145,411,192,
627,TRAIN,images/45_a_o_mineshaft.png,GOLD,640,360,234,259,280,349,
628,VAL,images/460_a_qn_crimson.png,QUARTZ,640,360,301,92,337,133,
629,VAL,images/460_a_qn_crimson.png,QUARTZ,640,360,346,229,380,251,
630,VAL,images/460_a_qn_crimson.png,QUARTZ,640,360,531,272,582,295,
631,TEST,images/461_a_q_crimson.png,QUARTZ,640,360,255,168,318,205,
632,TEST,images/461_a_q_crimson.png,QUARTZ,640,360,391,165,419,197,
633,TRAIN,images/464_a_qn_nether.png,QUARTZ,640,360,212,147,253,174,
634,TRAIN,images/464_a_qn_nether.png,NETHERGOLD,640,360,384,174,404,207,
635,TRAIN,images/464_a_qn_nether.png,NETHERGOLD,640,360,497,206,519,226,
636,TRAIN,images/465_a_nq_nether.png,NETHERGOLD,640,360,208,175,247,206,
637,TRAIN,images/465_a_nq_nether.png,QUARTZ,640,360,55,123,79,137,
638,TRAIN,images/465_a_nq_nether.png,NETHERGOLD,640,360,539,216,582,252,
639,TRAIN,images/466_a_qn_nether.png,QUARTZ,640,360,374,58,438,74,
640,TRAIN,images/466_a_qn_nether.png,QUARTZ,640,360,291,91,324,114,
641,TRAIN,images/466_a_qn_nether.png,NETHERGOLD,640,360,310,237,343,257,
642,TRAIN,images/466_a_qn_nether.png,QUARTZ,640,360,66,294,131,342,
643,TRAIN,images/467_a_n_warped.png,NETHERGOLD,640,360,255,188,265,207,
644,TRAIN,images/467_a_n_warped.png,QUARTZ,640,360,300,162,315,180,
645,TRAIN,images/467_a_n_warped.png,QUARTZ,640,360,384,158,408,168,
646,TRAIN,images/467_a_n_warped.png,NETHERGOLD,640,360,494,185,514,194,
647,TRAIN,images/467_a_n_warped.png,QUARTZ,640,360,174,210,193,217,
648,TEST,images/468_a_q_warped.png,QUARTZ,640,360,265,91,306,138,
649,TRAIN,images/469_a_q_warped.png,QUARTZ,640,360,299,129,346,148,
650,TRAIN,images/46_a_f_unknown.png,IRON,640,360,229,61,386,226,
651,TRAIN,images/470_a_qn_warped.png,QUARTZ,640,360,255,28,291,68,
652,TRAIN,images/470_a_qn_warped.png,QUARTZ,640,360,220,108,235,133,
653,TRAIN,images/470_a_qn_warped.png,NETHERGOLD,640,360,282,148,323,168,
654,TRAIN,images/470_a_qn_warped.png,QUARTZ,640,360,282,303,300,325,
655,TRAIN,images/470_a_qn_warped.png,QUARTZ,640,360,404,214,419,224,
656,TRAIN,images/472_a_q_warped.png,QUARTZ,640,360,299,206,356,237,
657,TRAIN,images/473_a_q_basalt.png,QUARTZ,640,360,281,123,293,135,
658,VAL,images/474_a_q_basalt.png,QUARTZ,640,360,406,107,424,131,
659,VAL,images/476_a_q_nether.png,QUARTZ,640,360,355,160,373,177,
660,VAL,images/476_a_q_nether.png,QUARTZ,640,360,235,139,251,161,
661,VAL,images/476_a_q_nether.png,QUARTZ,640,360,523,322,578,340,
662,VAL,images/477_a_qn_nether.png,NETHERGOLD,640,360,313,142,454,232,
663,VAL,images/477_a_qn_nether.png,QUARTZ,640,360,220,61,242,89,
664,VAL,images/477_a_qn_nether.png,QUARTZ,640,360,488,30,548,55,
665,TRAIN,images/478_a_qn_nether.png,QUARTZ,640,360,272,57,314,71,
666,TRAIN,images/478_a_qn_nether.png,QUARTZ,640,360,365,87,386,110,
667,TRAIN,images/478_a_qn_nether.png,NETHERGOLD,640,360,408,174,439,183,
668,TRAIN,images/47_a_f_unknown.png,IRON,640,360,72,94,341,341,
669,TRAIN,images/480_a_q_nether.png,QUARTZ,640,360,456,74,534,114,
670,TRAIN,images/480_a_q_nether.png,QUARTZ,640,360,17,192,58,212,
671,TRAIN,images/480_a_q_nether.png,NETHERGOLD,640,360,294,226,303,240,
672,TRAIN,images/480_a_q_nether.png,NETHERGOLD,640,360,274,248,283,260,
673,TRAIN,images/480_a_q_nether.png,QUARTZ,640,360,75,92,99,105,
674,VAL,images/481_a_q_nether.png,QUARTZ,640,360,502,49,593,113,
675,VAL,images/481_a_q_nether.png,QUARTZ,640,360,98,161,125,176,
676,VAL,images/481_a_q_nether.png,NETHERGOLD,640,360,190,76,201,87,
677,VAL,images/481_a_q_nether.png,NETHERGOLD,640,360,257,82,271,92,
678,VAL,images/481_a_q_nether.png,QUARTZ,640,360,276,18,303,37,
679,VAL,images/481_a_q_nether.png,QUARTZ,640,360,423,2,445,17,
680,VAL,images/481_a_q_nether.png,QUARTZ,640,360,166,1,200,20,
681,TEST,images/482_a_n_nether.png,NETHERGOLD,640,360,125,19,178,49,
682,TEST,images/482_a_n_nether.png,NETHERGOLD,640,360,228,147,263,157,
683,TEST,images/482_a_n_nether.png,QUARTZ,640,360,110,119,161,138,
684,VAL,images/483_a_q_soulsand.png,QUARTZ,640,360,329,130,362,143,
685,TRAIN,images/488_a_q_basalt.png,QUARTZ,640,360,266,168,348,212,
686,TEST,images/489_a_qn_basalt.png,QUARTZ,640,360,163,132,263,242,
687,TEST,images/489_a_qn_basalt.png,NETHERGOLD,640,360,375,169,403,191,
688,TEST,images/489_a_qn_basalt.png,NETHERGOLD,640,360,485,62,530,109,
689,TEST,images/489_a_qn_basalt.png,QUARTZ,640,360,478,165,519,184,
690,TRAIN,images/490_a_fle_water.png,EMERALD,640,360,398,122,423,151,
691,TRAIN,images/490_a_fle_water.png,EMERALD,640,360,460,23,537,96,
692,TRAIN,images/490_a_fle_water.png,IRON,640,360,114,70,148,84,
693,TRAIN,images/490_a_fle_water.png,LAPIS,640,360,271,239,334,299,
694,TEST,images/491_a_ce_water.png,EMERALD,640,360,218,196,254,229,
695,TEST,images/491_a_ce_water.png,EMERALD,640,360,354,126,402,160,
696,TEST,images/491_a_ce_water.png,COAL,640,360,495,256,542,285,
697,TRAIN,images/492_a_fce_unknown.png,IRON,640,360,291,15,373,87,
698,TRAIN,images/492_a_fce_unknown.png,EMERALD,640,360,292,209,304,229,
699,TRAIN,images/492_a_fce_unknown.png,COAL,640,360,206,108,295,168,
700,TRAIN,images/492_a_fce_unknown.png,COAL,640,360,372,120,401,143,
701,TRAIN,images/492_a_fce_unknown.png,COAL,640,360,340,154,394,188,
702,TRAIN,images/492_a_fce_unknown.png,COAL,640,360,309,183,340,216,
703,TRAIN,images/493_a_fe_water.png,EMERALD,640,360,260,192,294,220,
704,TRAIN,images/493_a_fe_water.png,IRON,640,360,389,159,492,249,
705,TRAIN,images/494_a_q_soulsand.png,QUARTZ,640,360,122,146,289,249,
706,TEST,images/497_a_q_soulsand.png,QUARTZ,640,360,311,61,384,119,
707,VAL,images/498_a_q_crimson.png,QUARTZ,640,360,300,274,339,293,
708,VAL,images/498_a_q_crimson.png,QUARTZ,640,360,480,259,585,306,
709,VAL,images/498_a_q_crimson.png,QUARTZ,640,360,388,307,456,360,
710,VAL,images/498_a_q_crimson.png,QUARTZ,640,360,99,144,113,158,
711,VAL,images/498_a_q_crimson.png,QUARTZ,640,360,411,80,434,89,
712,VAL,images/498_a_q_crimson.png,QUARTZ,640,360,509,54,559,69,
713,VAL,images/499_a_q_basalt.png,QUARTZ,640,360,319,266,365,326,
714,TRAIN,images/49_a_u_unknown.png,COPPER,640,360,68,87,160,131,
715,TRAIN,images/49_a_u_unknown.png,COPPER,640,360,218,54,389,200,
716,VAL,images/4_a_rd_unknown.png,REDSTONE,640,360,77,78,146,139,
717,VAL,images/4_a_rd_unknown.png,DIAMOND,640,360,322,256,368,296,
718,VAL,images/4_a_rd_unknown.png,REDSTONE,640,360,386,196,450,226,
719,VAL,images/4_a_rd_unknown.png,DIAMOND,640,360,376,226,423,239,
720,TEST,images/500_a_n_basalt.png,NETHERGOLD,640,360,85,219,228,308,
721,TRAIN,images/50_a_f_unknown.png,IRON,640,360,175,138,479,285,
722,TRAIN,images/52_a_c_unknown.png,COAL,640,360,38,100,66,126,
723,TRAIN,images/53_a_f_unknown.png,IRON,640,360,292,219,321,244,
724,TRAIN,images/53_a_f_unknown.png,IRON,640,360,272,144,283,154,
725,VAL,images/54_a_c_water.png,COAL,640,360,46,1,454,357,
726,VAL,images/56_a_frl_unknown.png,IRON,640,360,340,21,417,100,
727,VAL,images/56_a_frl_unknown.png,REDSTONE,640,360,269,163,351,211,
728,VAL,images/56_a_frl_unknown.png,LAPIS,640,360,261,217,493,360,
729,TRAIN,images/57_a_r_unknown.png,REDSTONE,640,360,200,162,391,316,
730,TRAIN,images/58_a_ro_mineshaft.png,REDSTONE,640,360,246,227,356,356,
731,TRAIN,images/58_a_ro_mineshaft.png,GOLD,640,360,299,120,325,168,
732,VAL,images/59_a_fu_unknown.png,IRON,640,360,134,237,357,348,
733,VAL,images/59_a_fu_unknown.png,COPPER,640,360,346,95,355,120,
734,TRAIN,images/5_a_od_unknown.png,GOLD,640,360,52,171,84,197,
735,TRAIN,images/5_a_od_unknown.png,DIAMOND,640,360,388,217,413,247,
736,TEST,images/60_a_o_mineshaft.png,GOLD,640,360,265,171,310,195,
737,TRAIN,images/61_a_c_mountain.png,COAL,640,360,343,180,360,201,
738,TRAIN,images/62_a_c_mountain.png,COAL,640,360,380,228,403,248,
739,TRAIN,images/63_a_c_mountain.png,COAL,640,360,326,152,345,175,
740,VAL,images/64_a_f_mountain.png,IRON,640,360,346,163,363,177,
741,VAL,images/64_a_f_mountain.png,IRON,640,360,320,129,345,141,
742,TRAIN,images/65_a_c_mountain.png,COAL,640,360,129,271,235,329,
743,TRAIN,images/65_a_c_mountain.png,COAL,640,360,269,201,380,240,
744,VAL,images/67_a_cfe_unknown.png,IRON,640,360,1,115,168,222,
745,VAL,images/67_a_cfe_unknown.png,EMERALD,640,360,493,63,640,205,
746,VAL,images/67_a_cfe_unknown.png,COAL,640,360,400,160,411,172,
747,VAL,images/68_a_f_unknown.png,IRON,640,360,213,263,316,360,
748,TEST,images/6_a_od_unknown.png,GOLD,640,360,70,203,110,234,
749,TEST,images/6_a_od_unknown.png,DIAMOND,640,360,415,222,447,252,
750,TRAIN,images/70_a_c_unknown.png,COAL,640,360,376,117,564,263,
751,TRAIN,images/70_a_c_unknown.png,COAL,640,360,211,131,240,193,
752,TRAIN,images/71_a_cfe_mountain.png,COAL,640,360,391,11,562,166,
753,TRAIN,images/71_a_cfe_mountain.png,IRON,640,360,284,215,337,276,
754,TRAIN,images/71_a_cfe_mountain.png,IRON,640,360,236,308,280,360,
755,TEST,images/72_a_fo_water.png,IRON,640,360,399,191,438,211,
756,TEST,images/72_a_fo_water.png,GOLD,640,360,413,221,459,234,
757,TRAIN,images/73_a_f_unknown.png,IRON,640,360,341,162,347,176,
758,TEST,images/74_a_d_ancientcity.png,DIAMOND,640,360,356,273,450,316,
759,TRAIN,images/76_a_fu_mineshaft.png,IRON,640,360,293,211,325,224,
760,TRAIN,images/76_a_fu_mineshaft.png,COPPER,640,360,291,197,322,211,
761,TRAIN,images/77_a_u_water.png,COPPER,640,360,283,123,306,157,
762,VAL,images/78_a_cf_mountain.png,IRON,640,360,410,71,468,112,
763,VAL,images/78_a_cf_mountain.png,IRON,640,360,112,62,128,77,
764,VAL,images/78_a_cf_mountain.png,COAL,640,360,82,148,98,163,
765,VAL,images/78_a_cf_mountain.png,COAL,640,360,216,273,245,311,
766,VAL,images/78_a_cf_mountain.png,COAL,640,360,376,244,416,302,
767,VAL,images/78_a_cf_mountain.png,IRON,640,360,222,163,239,181,
768,VAL,images/78_a_cf_mountain.png,IRON,640,360,6,95,29,108,
769,VAL,images/78_a_cf_mountain.png,IRON,640,360,31,126,42,136,
770,VAL,images/78_a_cf_mountain.png,IRON,640,360,320,61,335,74,
771,TRAIN,images/7_a_ord_lushcave.png,REDSTONE,640,360,280,105,296,123,
772,TRAIN,images/7_a_ord_lushcave.png,GOLD,640,360,234,240,244,251,
773,TRAIN,images/7_a_ord_lushcave.png,DIAMOND,640,360,370,163,383,178,
774,TEST,images/80_a_f_trialchamber.png,IRON,640,360,368,36,451,142,
775,TEST,images/80_a_f_trialchamber.png,IRON,640,360,359,212,374,227,
776,TRAIN,images/81_a_f_trialchamber.png,IRON,640,360,322,32,446,103,
777,TRAIN,images/82_a_l_mineshaft.png,LAPIS,640,360,303,207,450,253,
778,TEST,images/85_a_d_stronghold.png,DIAMOND,640,360,291,226,345,280,
779,TRAIN,images/86_a_d_mineshaft.png,DIAMOND,640,360,439,232,466,277,
780,TRAIN,images/87_a_d_ancientcity.png,DIAMOND,640,360,383,198,431,228,
781,TRAIN,images/87_a_d_ancientcity.png,DIAMOND,640,360,301,159,318,169,
782,TRAIN,images/88_a_d_ancientcity.png,DIAMOND,640,360,379,257,458,314,
783,TRAIN,images/89-a-f-ancientcity.png,IRON,640,360,138,217,236,260,
784,TRAIN,images/89-a-f-ancientcity.png,IRON,640,360,277,208,317,235,
785,TRAIN,images/8_a_d_geode.png,DIAMOND,640,360,416,140,472,194,
786,VAL,images/90_a_d_ancientcity.png,DIAMOND,640,360,40,190,74,207,
787,TRAIN,images/91_a_f_ancientcity.png,IRON,640,360,315,305,336,336,
788,TRAIN,images/91_a_f_ancientcity.png,IRON,640,360,302,237,331,262,
789,TRAIN,images/91_a_f_ancientcity.png,IRON,640,360,308,226,326,236,
790,TRAIN,images/91_a_f_ancientcity.png,IRON,640,360,339,226,359,254,
791,TRAIN,images/93_a_r_deepdark.png,REDSTONE,640,360,348,255,451,333,
792,TRAIN,images/93_a_r_deepdark.png,REDSTONE,640,360,308,56,342,103,
793,TRAIN,images/93_a_r_deepdark.png,REDSTONE,640,360,211,84,230,100,
794,TRAIN,images/94_a_r_deepdark.png,REDSTONE,640,360,296,172,305,182,
795,TRAIN,images/95_a_r_deepdark.png,REDSTONE,640,360,261,106,297,148,
796,TRAIN,images/96_a_r_deepdark.png,REDSTONE,640,360,186,91,459,343,
797,TEST,images/98_a_r_deepdark.png,REDSTONE,640,360,234,158,260,177,
798,VAL,images/99_a_r_deepdark.png,REDSTONE,640,360,138,179,173,204,
799,VAL,images/9_a_d_geode.png,DIAMOND,640,360,363,151,399,184,
